repo,stars,new-stars-last-30d,new-stars-last-14d,new-stars-last-7d,new-stars-last-24H,stars-per-mille-30d,days-last-star,days-last-commit,days-since-creation,mentionable-users,language,archived,dependencies,main-category,sub-category
mewkiz/flac,270,6,0,0,0,22.222,14,6,4022,9,Go,false,5,Audio and Music,
Comcast/gaad,114,1,1,1,0,8.772,6,285,2674,20,Go,false,0,Audio and Music,
DylanMeeus/GoAudio,301,3,1,0,0,9.967,9,639,1220,3,Go,false,0,Audio and Music,
dh1tw/gosamplerate,29,0,0,0,0,0.000,81,1214,2542,4,Go,false,0,Audio and Music,
bogem/id3v2,307,5,3,3,1,16.287,0,181,2731,12,Go,false,1,Audio and Music,
gen2brain/malgo,234,5,2,0,0,21.368,9,264,2188,11,C,false,0,Audio and Music,
tosone/minimp3,111,0,0,0,0,0.000,51,97,2110,2,C,false,0,Audio and Music,
hajimehoshi/oto,1377,17,8,5,1,12.346,0,16,2377,20,Go,false,2,Audio and Music,
gordonklaus/portaudio,624,9,3,2,0,14.423,1,120,2973,5,Go,false,0,Audio and Music,
volatiletech/authboss,3524,23,9,1,1,6.527,0,39,3229,27,Go,false,4,Authentication and OAuth,
essentialkaos/branca,67,3,1,0,0,44.776,11,51,1773,2,Go,false,2,Authentication and OAuth,
hsluoyz/casbin,15973,184,88,49,11,11.519,0,7,2403,158,Go,false,3,Authentication and OAuth,
mengzhuo/cookiestxt,12,0,0,0,0,0.000,406,360,2219,1,Go,false,0,Authentication and OAuth,
shaj13/go-guardian,499,6,3,2,0,12.024,4,249,1271,5,Go,false,7,Authentication and OAuth,
go-jose/go-jose,172,7,3,0,0,40.698,10,60,1186,3,Go,false,3,Authentication and OAuth,
dghubble/gologin,1644,8,4,3,0,4.866,1,1,3058,9,Go,false,7,Authentication and OAuth,
mikespook/gorbac,1509,9,4,0,0,5.964,8,300,3602,7,Go,false,0,Authentication and OAuth,
markbates/goth,4388,43,23,10,2,9.799,0,34,3310,147,Go,false,10,Authentication and OAuth,
abraithwaite/jeff,258,0,0,0,0,0.000,35,866,1922,3,Go,false,6,Authentication and OAuth,
pascaldekloe/jwt,340,2,1,0,0,5.882,9,191,2056,2,Go,false,0,Authentication and OAuth,
cristalhq/jwt,625,5,3,0,0,8.000,7,56,1570,14,Go,false,0,Authentication and OAuth,
adam-hanna/jwt-auth,230,1,0,0,0,4.348,20,827,2680,5,Go,false,0,Authentication and OAuth,
golang-jwt/jwt,5576,160,71,39,5,28.694,0,28,902,99,Go,false,0,Authentication and OAuth,
ory/keto,4300,53,25,6,1,12.326,0,19,2060,73,Go,false,42,Authentication and OAuth,
tarent/loginsrv,1906,4,1,1,0,2.099,5,998,2551,42,Go,false,11,Authentication and OAuth,
golang/oauth2,4936,37,16,12,1,7.496,0,20,3493,231,Go,false,3,Authentication and OAuth,
openshift/osin,1845,7,2,1,0,3.794,3,599,3709,2524,Go,false,6,Authentication and OAuth,
grijul/otpgen,130,0,0,0,0,0.000,149,822,888,3,Go,false,0,Authentication and OAuth,
jltorresm/otpgo,62,2,1,1,0,32.258,5,982,1174,1,Go,false,1,Authentication and OAuth,
o1egl/paseto,765,8,2,1,1,10.458,0,427,2113,4,Go,false,4,Authentication and OAuth,
xyproto/permissions2,496,4,0,0,0,8.065,18,25,3274,7,Go,false,0,Authentication and OAuth,
SonicRoshan/scope,33,0,0,0,0,0.000,30,895,1505,2,Go,false,1,Authentication and OAuth,
alexedwards/scs,1664,64,45,13,3,38.462,0,15,2646,29,Go,false,0,Authentication and OAuth,
chmike/securecookie,74,0,0,0,0,0.000,129,261,2255,3,Go,false,1,Authentication and OAuth,
icza/session,111,0,0,0,0,0.000,289,451,2828,2,Go,false,0,Authentication and OAuth,
adam-hanna/sessions,75,0,0,0,0,0.000,91,1300,2383,1,Go,false,2,Authentication and OAuth,
swithek/sessionup,122,0,0,0,0,0.000,49,564,1567,3,Go,false,2,Authentication and OAuth,
brianvoe/sjwt,113,0,0,0,0,0.000,74,1509,1600,3,Go,false,0,Authentication and OAuth,
cometbft/cometbft,386,21,10,4,0,54.404,1,0,319,53,Go,false,46,Blockchain,
cosmos/cosmos-sdk,5496,69,28,18,4,12.555,0,0,2830,535,Go,false,57,Blockchain,
ethereum/go-ethereum,43986,315,165,79,10,7.161,0,3,3602,961,Go,false,69,Blockchain,
ChainSafe/gossamer,397,4,1,1,0,10.076,2,0,1743,73,Go,false,41,Blockchain,
ipfs/kubo,15478,88,43,19,1,5.685,0,0,3420,426,Go,false,89,Blockchain,
gagliardetto/solana-go,458,5,4,0,0,10.917,9,33,860,30,Go,false,32,Blockchain,
tendermint/tendermint,5562,14,7,3,0,2.517,5,277,3463,249,Go,false,43,Blockchain,
go-telegram/bot,221,26,16,7,2,117.647,0,21,560,7,Go,false,0,Bot Building,
NicoNex/echotron,285,10,7,5,0,35.088,1,37,1568,9,Go,false,0,Bot Building,
ewohltman/ephemeral-roles,81,0,0,0,0,0.000,42,0,2148,5,Go,false,12,Bot Building,
go-chat-bot/bot,801,2,1,1,0,2.497,5,648,2967,31,Go,false,12,Bot Building,
oklahomer/go-sarah,260,0,0,0,0,0.000,46,126,2556,3,Go,false,6,Bot Building,
olebedev/go-tgbot,119,0,0,0,0,0.000,49,1960,2521,3,Go,false,0,Bot Building,
gempir/go-twitch-irc,309,3,0,0,0,9.709,18,288,2419,24,Go,false,0,Bot Building,
saniales/golang-crypto-trading-bot,942,7,3,2,0,7.431,4,103,2367,7,Go,false,19,Bot Building,
nikepan/govkbot,45,1,0,0,0,22.222,16,6,2674,2,Go,false,1,Bot Building,
sbstjn/hanu,149,1,0,0,0,6.711,14,1889,2607,2,Go,false,0,Bot Building,
stellar/kelp,1031,9,2,2,0,8.729,1,710,1916,57,Go,false,27,Bot Building,
ezeoleaf/larry,151,2,1,1,0,13.245,6,61,1085,8,Go,false,9,Bot Building,
zhulik/margelet,81,0,0,0,0,0.000,49,2605,2907,6,Go,false,0,Bot Building,
onrik/micha,26,0,0,0,0,0.000,49,132,2762,1,Go,false,2,Bot Building,
olivia-ai/olivia,3613,20,10,6,0,5.536,1,842,1980,19,Go,false,10,Bot Building,
innogames/slack-bot,149,0,0,0,0,0.000,33,3,1571,19,Go,false,23,Bot Building,
shomali11/slacker,806,8,5,1,0,9.926,3,0,2362,26,Go,false,4,Bot Building,
alexandre-normand/slackscot,56,0,0,0,0,0.000,49,715,2937,7,Go,false,15,Bot Building,
yanzay/tbot,342,4,2,0,0,11.696,11,17,2978,12,Go,false,0,Bot Building,
tucnak/telebot,3321,50,24,10,0,15.056,1,4,3056,69,Go,false,3,Bot Building,
mymmrac/telego,285,13,5,3,1,45.614,0,0,862,7,Go,false,6,Bot Building,
Syfaro/telegram-bot-api,5055,80,30,16,4,15.826,0,383,3056,88,Go,false,0,Bot Building,
alfiankan/teleterm,31,1,0,0,0,32.258,27,127,1040,3,Go,false,7,Bot Building,
kyleterry/tenyks,176,0,0,0,0,0.000,39,1518,4090,5,Go,false,5,Bot Building,
wabarc/wayback,1486,29,12,6,0,19.515,1,164,1241,5,Go,false,50,Bot Building,
gopinath-langote/1build,218,0,0,0,0,0.000,41,904,1658,15,Go,false,6,Build Automation,
GuilhermeCaruso/anko,33,0,0,0,0,0.000,41,953,979,1,Go,false,2,Build Automation,
maxcnunes/gaper,76,0,0,0,0,0.000,41,193,1970,1,Go,false,5,Build Automation,
goyek/goyek,403,2,1,0,0,4.963,12,0,1121,7,Go,false,0,Build Automation,
magefile/mage,3731,39,16,8,1,10.453,0,26,2238,74,Go,false,0,Build Automation,
tj/mmake,1685,5,3,1,0,2.967,6,1344,2455,11,Go,false,4,Build Automation,
tockins/realize,4422,12,7,1,0,2.714,2,1281,2673,28,Go,false,0,Build Automation,
go-task/task,8859,198,88,46,9,22.350,0,7,2444,149,Go,false,16,Build Automation,
taskctl/taskctl,269,1,1,1,0,3.717,3,610,1455,3,Go,false,13,Build Automation,
joerdav/xc,906,5,3,3,1,5.519,0,32,752,8,Go,false,3,Build Automation,
guptarohit/asciigraph,2341,23,11,6,2,9.825,0,113,1968,9,Go,false,0,Command Line,Advanced Console UIs
logrusorgru/aurora,1354,6,3,1,0,4.431,2,394,2556,9,Go,false,1,Command Line,Advanced Console UIs
Delta456/box-cli-maker,395,7,4,3,0,17.722,4,29,1284,8,Go,false,7,Command Line,Advanced Console UIs
Evertras/bubble-table,256,10,6,4,2,39.062,0,20,633,7,Go,false,6,Command Line,Advanced Console UIs
charmbracelet/bubbles,3940,115,58,31,2,29.188,0,24,1388,49,Go,false,10,Command Line,Advanced Console UIs
charmbracelet/bubbletea,20551,603,358,224,22,29.342,0,19,1396,93,Go,false,9,Command Line,Advanced Console UIs
mingrammer/cfmt,96,0,0,0,0,0.000,41,1795,2062,4,Go,false,1,Command Line,Advanced Console UIs
i582/cfmt,60,0,0,0,0,0.000,48,865,1088,1,Go,false,1,Command Line,Advanced Console UIs
ttacon/chalk,433,2,1,0,0,4.619,10,2689,3398,3,Go,false,0,Command Line,Advanced Console UIs
TreyBastian/colourize,26,0,0,0,0,0.000,406,476,3101,1,Go,true,0,Command Line,Advanced Console UIs
alfiankan/crab-config-files-templating,7,0,0,0,0,0.000,41,473,505,1,Go,false,2,Command Line,Advanced Console UIs
wzshiming/ctc,45,1,0,0,0,22.222,15,1209,2019,1,Go,false,1,Command Line,Advanced Console UIs
workanator/go-ataman,16,0,0,0,0,0.000,41,1048,2364,1,Go,false,0,Command Line,Advanced Console UIs
mattn/go-colorable,715,2,1,0,0,2.797,9,229,3387,21,Go,false,1,Command Line,Advanced Console UIs
daviddengcn/go-colortext,214,0,0,0,0,0.000,149,1317,3939,5,Go,false,1,Command Line,Advanced Console UIs
mattn/go-isatty,753,9,5,3,0,11.952,1,20,3507,28,Go,false,1,Command Line,Advanced Console UIs
abusomani/go-palette,14,0,0,0,0,0.000,38,242,248,2,Go,false,1,Command Line,Advanced Console UIs
c-bata/go-prompt,5046,28,10,6,0,5.549,3,978,2275,24,Go,false,5,Command Line,Advanced Console UIs
jroimartin/gocui,9437,41,14,4,0,4.345,1,814,3594,20,Go,false,1,Command Line,Advanced Console UIs
gookit/color,1391,16,6,4,1,11.503,0,0,1954,13,Go,false,3,Command Line,Advanced Console UIs
charmbracelet/lipgloss,6563,276,86,62,4,42.054,0,17,980,23,Go,false,3,Command Line,Advanced Console UIs
cyucelen/marker,42,0,0,0,0,0.000,41,496,1531,10,Go,false,2,Command Line,Advanced Console UIs
vbauerster/mpb,2121,23,10,5,3,10.844,0,24,2518,10,Go,false,4,Command Line,Advanced Console UIs
schollz/progressbar,3563,55,29,13,2,15.436,0,0,2202,47,Go,false,5,Command Line,Advanced Console UIs
pterm/pterm,4286,67,36,17,4,15.632,0,1,1145,40,Go,false,9,Command Line,Advanced Console UIs
alexeyco/simpletable,481,14,11,6,0,29.106,1,948,2413,5,Go,false,1,Command Line,Advanced Console UIs
briandowns/spinner,2178,17,9,5,1,7.805,0,161,3251,49,Go,false,3,Command Line,Advanced Console UIs
cheynewallace/tabby,337,2,1,1,0,5.935,6,1049,1785,2,Go,false,0,Command Line,Advanced Console UIs
tomlazar/table,46,1,0,0,0,21.739,26,412,1140,3,Go,false,3,Command Line,Advanced Console UIs
InVisionApp/tabular,74,1,0,0,0,13.514,26,179,2023,5,Go,false,0,Command Line,Advanced Console UIs
nsf/termbox-go,4582,14,4,2,0,3.055,1,636,4316,63,Go,false,1,Command Line,Advanced Console UIs
mum4k/termdash,2381,19,8,0,0,7.980,7,271,2053,18,Go,false,4,Command Line,Advanced Console UIs
muesli/termenv,1514,26,12,9,1,17.173,0,5,1430,16,Go,false,5,Command Line,Advanced Console UIs
gizak/termui,12693,34,19,5,0,2.679,2,1016,3198,47,Go,false,3,Command Line,Advanced Console UIs
gosuri/uilive,1623,22,19,18,0,13.555,2,1403,2912,10,Go,false,0,Command Line,Advanced Console UIs
gosuri/uiprogress,2047,7,2,1,0,3.420,6,964,2912,10,Go,false,1,Command Line,Advanced Console UIs
gosuri/uitable,714,2,1,1,0,2.801,2,437,2915,6,Go,false,0,Command Line,Advanced Console UIs
theckman/yacspin,416,2,1,1,0,4.808,4,672,1408,2,Go,false,5,Command Line,Advanced Console UIs
cristalhq/acmd,100,2,1,1,0,20.000,2,56,740,6,Go,false,0,Command Line,Standard CLI
akamensky/argparse,563,10,5,4,0,17.762,2,453,2173,16,Go,false,0,Command Line,Standard CLI
cosiner/argv,39,0,0,0,0,0.000,30,1299,2479,4,Go,false,0,Command Line,Standard CLI
rsteube/carapace,138,12,5,2,0,86.957,2,2,1329,11,Go,false,4,Command Line,Standard CLI
rsteube/carapace-bin,418,87,65,64,31,208.134,0,0,1295,15,Go,false,10,Command Line,Standard CLI
rsteube/carapace-spec,9,1,1,1,0,111.111,2,0,555,1,Go,false,5,Command Line,Standard CLI
mkideal/cli,700,2,0,0,0,2.857,21,245,2810,10,Go,false,7,Command Line,Standard CLI
teris-io/cli,121,0,0,0,0,0.000,30,911,2357,4,Go,false,0,Command Line,Standard CLI
tucnak/climax,211,2,1,1,1,9.479,0,1157,2925,3,Go,false,0,Command Line,Standard CLI
leaanthony/clir,160,2,2,1,0,12.500,4,285,1449,7,Go,false,0,Command Line,Standard CLI
posener/cmd,41,2,2,1,0,48.780,3,1135,1470,2,Go,false,3,Command Line,Standard CLI
hedzr/cmdr,124,1,0,0,0,8.065,23,22,1636,2,Go,false,10,Command Line,Standard CLI
spf13/cobra,33990,440,194,92,13,12.945,0,4,3716,292,Go,false,4,Command Line,Standard CLI
rainu/go-command-chain,50,3,0,0,0,60.000,21,187,908,1,Go,false,1,Command Line,Standard CLI
jaffee/commandeer,172,0,0,0,0,0.000,30,412,2217,7,Go,false,2,Command Line,Standard CLI
posener/complete,898,2,1,0,0,2.227,13,1063,2376,13,Go,false,2,Command Line,Standard CLI
dnote/dnote,2596,12,6,4,0,4.622,2,163,2412,22,Go,false,23,Command Line,Standard CLI
elves/elvish,5172,24,13,9,0,4.640,1,73,3795,76,Go,false,8,Command Line,Standard CLI
codingconcepts/env,107,1,0,0,0,9.346,20,1172,2336,3,Go,false,0,Command Line,Standard CLI
cosiner/flag,129,2,0,0,0,15.504,21,1044,2588,3,Go,false,1,Command Line,Standard CLI
integrii/flaggy,840,3,1,0,0,3.571,13,527,2072,10,Go,false,1,Command Line,Standard CLI
sgreben/flagvar,43,0,0,0,0,0.000,30,1213,1998,2,Go,false,1,Command Line,Standard CLI
grijul/go-andotp,26,1,0,0,0,38.462,17,218,911,2,Go,false,2,Command Line,Standard CLI
alexflint/go-arg,1738,22,7,6,1,12.658,0,27,2928,21,Go,false,2,Command Line,Standard CLI
yitsushi/go-commander,35,0,0,0,0,0.000,30,1261,2583,4,Go,true,2,Command Line,Standard CLI
jessevdk/go-flags,2458,13,3,2,1,5.289,0,882,4084,51,Go,false,1,Command Line,Standard CLI
DavidGamba/go-getoptions,50,2,1,0,0,40.000,10,1,2881,2,Go,false,0,Command Line,Standard CLI
devfacet/gocmd,66,0,0,0,0,0.000,30,216,2128,1,Go,false,1,Command Line,Standard CLI
liujianping/job,133,3,0,0,0,22.556,20,1224,1672,2,Shell,false,0,Command Line,Standard CLI
alecthomas/kingpin,3386,13,7,5,2,3.839,0,37,3463,63,Go,false,3,Command Line,Standard CLI
peterh/liner,1010,4,3,3,0,3.960,2,661,4100,24,Go,false,2,Command Line,Standard CLI
jxskiss/mcli,24,1,0,0,0,41.667,19,19,669,3,Go,false,2,Command Line,Standard CLI
mitchellh/cli,1689,3,0,0,0,1.776,14,402,3655,25,Go,false,6,Command Line,Standard CLI
jawher/mow.cli,862,4,2,2,0,4.640,3,834,3245,14,Go,false,1,Command Line,Standard CLI
nanovms/ops,1136,11,7,4,0,9.683,1,0,1883,55,Go,false,44,Command Line,Standard CLI
spf13/pflag,2211,20,8,6,0,9.046,1,885,3720,11,Go,false,0,Command Line,Standard CLI
Zaba505/sand,22,0,0,0,0,0.000,30,1811,1814,1,Go,false,3,Command Line,Standard CLI
octago/sflags,149,0,0,0,0,0.000,30,834,2528,7,Go,false,8,Command Line,Standard CLI
antham/strumt,57,0,0,0,0,0.000,30,252,2331,2,Go,false,1,Command Line,Standard CLI
bobg/subcmd,6,0,0,0,0,0.000,30,89,1195,1,Go,false,2,Command Line,Standard CLI
go-survey/survey,3976,12,5,2,0,3.018,1,44,2563,69,Go,true,9,Command Line,Standard CLI
liujianping/ts,19,0,0,0,0,0.000,30,1589,1595,1,Go,false,6,Command Line,Standard CLI
ukautz/clif,125,0,0,0,0,0.000,30,1722,3082,4,Go,false,0,Command Line,Standard CLI
urfave/cli,20908,139,54,20,3,6.648,0,27,3768,249,Go,false,2,Command Line,Standard CLI
mszostok/version,78,0,0,0,0,0.000,30,184,472,3,Go,false,13,Command Line,Standard CLI
dixonwille/wlog,62,1,0,0,0,16.129,18,7,2763,2,Go,false,2,Command Line,Standard CLI
dixonwille/wmenu,195,0,0,0,0,0.000,30,7,2756,11,Go,false,3,Command Line,Standard CLI
cristalhq/aconfig,487,3,2,1,0,6.160,4,56,1228,15,Go,false,0,Configuration,
ilyakaznacheev/cleanenv,1220,45,27,10,0,36.885,1,63,1578,16,Go,false,4,Configuration,
JeremyLoy/config,331,2,1,1,0,6.042,5,718,1679,1,Go,false,0,Configuration,
num30/config,44,3,1,0,0,68.182,12,75,554,1,Go,false,7,Configuration,
olebedev/config,268,1,0,0,0,3.731,17,441,3486,12,Go,false,0,Configuration,
BoRuDar/configuration,84,0,0,0,0,0.000,41,467,1440,2,Go,false,0,Configuration,
paked/configure,56,0,0,0,0,0.000,41,1722,3067,4,Go,false,0,Configuration,
sherifabdlnaby/configuro,89,3,2,2,0,33.708,4,407,1306,4,Go,false,8,Configuration,
heetch/confita,477,3,1,0,0,6.289,12,866,2146,21,Go,false,8,Configuration,
the4thamigo-uk/conflate,30,2,1,1,0,66.667,2,103,2104,2,Go,false,6,Configuration,
caarlos0/env,3921,63,27,15,3,16.067,0,10,3024,57,Go,false,0,Configuration,
junk1tm/env,42,1,0,0,0,23.810,16,26,665,2,Go,false,0,Configuration,
tomazk/envcfg,102,1,1,0,0,9.804,10,2331,3264,3,Go,false,0,Configuration,
ian-kent/envconf,11,0,0,0,0,0.000,406,3298,3298,1,Go,false,0,Configuration,
vrischmann/envconfig,235,0,0,0,0,0.000,52,1043,3121,8,Go,false,1,Configuration,
antham/envh,97,0,0,0,0,0.000,41,154,2489,3,Go,false,2,Configuration,
kkyr/fig,280,1,0,0,0,3.571,17,226,1390,6,Go,false,3,Configuration,
go-gcfg/gcfg,165,0,0,0,0,0.000,41,1211,3003,5,Go,false,0,Configuration,
sakirsensoy/genv,34,0,0,0,0,0.000,41,1563,1575,1,Go,false,0,Configuration,
PaddleHQ/go-aws-ssm,54,0,0,0,0,0.000,35,964,1747,93,Go,false,2,Configuration,
ThomasObenaus/go-conf,10,0,0,0,0,0.000,41,748,1013,1,Go,false,8,Configuration,
subpop/go-ini,9,0,0,0,0,0.000,338,944,1517,1,Go,false,1,Configuration,
ianlopshire/go-ssm-config,18,0,0,0,0,0.000,41,28,1435,3,Go,false,2,Configuration,
ufoscout/go-up,43,0,0,0,0,0.000,41,1392,2087,1,Go,false,1,Configuration,
crgimenes/goConfig,3,0,0,0,0,0.000,247,90,525,16,Go,false,1,Configuration,
joho/godotenv,6810,127,68,36,5,18.649,0,152,3751,34,Go,false,0,Configuration,
ian-kent/gofigure,67,0,0,0,0,0.000,53,2379,3269,2,Go,false,0,Configuration,
golobby/config,345,4,2,2,0,11.594,1,305,1483,7,Go,false,5,Configuration,
milad-abbasi/gonfig,7,0,0,0,0,0.000,41,826,1019,1,Go,false,4,Configuration,
gookit/config,489,5,4,2,0,10.225,2,17,1948,14,Go,false,11,Configuration,
beatlabs/harvester,129,0,0,0,0,0.000,34,0,1672,14,Go,false,4,Configuration,
hjson/hjson-go,308,2,1,1,0,6.494,5,14,2649,15,Go,false,0,Configuration,
gurkankaymak/hocon,66,2,1,1,0,30.303,2,18,1345,9,Go,false,0,Configuration,
schachmat/ingo,37,1,0,0,0,27.027,26,2409,2829,1,Go,false,0,Configuration,
go-ini/ini,3347,24,9,5,0,7.171,1,455,3245,59,Go,false,0,Configuration,
wlevene/ini,14,1,0,0,0,71.429,26,116,815,1,Go,false,1,Configuration,
joshbetz/config,216,0,0,0,0,0.000,41,1473,2409,2,Go,false,0,Configuration,
kelseyhightower/envconfig,4716,36,16,9,2,7.634,0,419,3652,46,Go,false,0,Configuration,
knadh/koanf,2074,40,23,13,0,19.286,1,5,1602,40,Go,false,3,Configuration,
lalamove/konfig,642,1,0,0,0,1.558,15,1272,1753,19,Go,false,20,Configuration,
alecthomas/kong,1616,35,13,5,1,21.658,0,30,2036,56,Go,false,2,Configuration,
sasbury/mini,34,0,0,0,0,0.000,189,1776,3113,1,Go,false,1,Configuration,
nasermirzaei89/env,10,0,0,0,0,0.000,406,370,1566,1,Go,false,1,Configuration,
muir/nfigure,6,0,0,0,0,0.000,41,121,715,3,Go,false,9,Configuration,
goraz/onion,114,1,0,0,0,8.772,26,806,3029,5,Go,false,10,Configuration,
Yiling-J/piper,7,0,0,0,0,0.000,406,703,719,1,Go,false,3,Configuration,
tucnak/store,273,1,1,0,0,3.663,13,2253,2956,2,Go,false,0,Configuration,
oblq/swap,8,0,0,0,0,0.000,342,984,1303,1,Go,false,3,Configuration,
diegomarangoni/typenv,9,0,0,0,0,0.000,404,1202,1224,1,Go,false,0,Configuration,
omeid/uconfig,63,0,0,0,0,0.000,41,33,2371,5,Go,false,2,Configuration,
spf13/viper,24431,292,133,83,9,11.952,0,24,3505,164,Go,false,15,Configuration,
adrg/xdg,473,11,2,1,0,23.256,4,21,3363,6,Go,false,2,Configuration,
OpenPeeDeeP/xdg,79,0,0,0,0,0.000,32,1113,2300,3,Go,false,1,Configuration,
ovh/cds,4324,22,11,5,1,5.088,0,0,2582,106,Go,false,106,Continuous Integration,
drone/drone,30449,1020,282,152,10,33.499,0,0,3559,31,Go,false,63,Continuous Integration,
duck8823/duci,74,0,0,0,0,0.000,406,253,2046,4,Go,true,19,Continuous Integration,
jidicula/go-fuzz-action,9,0,0,0,0,0.000,224,58,579,2,,false,0,Continuous Integration,
vladopajic/go-test-coverage,26,4,2,0,0,153.846,7,0,226,1,Go,false,9,Continuous Integration,
nikogura/gomason,59,1,0,0,0,16.949,26,52,2180,2,Go,false,8,Continuous Integration,
GoTestTools/gotestfmt,438,8,5,1,1,18.265,0,154,921,5,Go,false,0,Continuous Integration,
mattn/goveralls,767,0,0,0,0,0.000,34,194,3855,72,Go,false,2,Continuous Integration,
go-playground/overalls,114,0,0,0,0,0.000,35,1419,3021,13,Go,false,0,Continuous Integration,
LawrenceWoodman/roveralls,19,0,0,0,0,0.000,406,2178,2689,1,Go,false,0,Continuous Integration,
woodpecker-ci/woodpecker,3146,80,30,15,1,25.429,0,0,1678,396,Go,false,60,Continuous Integration,
yosssi/gcss,487,2,1,1,0,4.107,2,3312,3350,2,Go,false,0,CSS Preprocessors,
wellington/go-libsass,199,0,0,0,0,0.000,41,253,3123,11,C++,false,0,CSS Preprocessors,
iancmcc/bingo,26,1,0,0,0,38.462,24,439,807,1,Go,false,2,Data Structures and Algorithms,Bit-packing and Compression
zhuangsirui/binpacker,213,2,1,1,0,9.390,6,846,2834,5,Go,false,0,Data Structures and Algorithms,Bit-packing and Compression
yourbasic/bit,155,1,0,0,0,6.452,29,2064,2378,1,Go,false,0,Data Structures and Algorithms,Bit-packing and Compression
superwhiskers/crunch,89,0,0,0,0,0.000,37,297,1713,2,Go,false,0,Data Structures and Algorithms,Bit-packing and Compression
amallia/go-ef,31,0,0,0,0,0.000,37,2233,2237,1,Go,false,0,Data Structures and Algorithms,Bit-packing and Compression
RoaringBitmap/roaring,2186,34,7,3,1,15.554,0,28,3406,74,Go,false,3,Data Structures and Algorithms,Bit-packing and Compression
kelindar/bitmap,237,8,3,2,0,33.755,1,0,892,8,Assembly,false,0,Data Structures and Algorithms,Bit Sets
bits-and-blooms/bitset,1191,16,5,4,0,13.434,2,3,4562,35,Go,false,0,Data Structures and Algorithms,Bit Sets
bits-and-blooms/bloom,2129,77,58,19,2,36.167,0,24,4552,21,Go,false,2,Data Structures and Algorithms,Bloom and Cuckoo Filters
zhenjl/bloom,147,0,0,0,0,0.000,134,2933,3717,1,Go,false,0,Data Structures and Algorithms,Bloom and Cuckoo Filters
yourbasic/bloom,83,3,1,0,0,36.145,7,2348,2375,1,Go,false,0,Data Structures and Algorithms,Bloom and Cuckoo Filters
OldPanda/bloomfilter,15,1,0,0,0,66.667,28,263,1040,1,Go,false,2,Data Structures and Algorithms,Bloom and Cuckoo Filters
tylertreat/BoomFilters,1558,4,2,0,0,2.567,12,966,3196,13,Go,false,0,Data Structures and Algorithms,Bloom and Cuckoo Filters
linvon/cuckoo-filter,275,5,3,1,0,18.182,6,758,990,2,Go,false,1,Data Structures and Algorithms,Bloom and Cuckoo Filters
seiflotfy/cuckoofilter,1025,10,7,4,0,9.756,5,574,3053,18,Go,false,2,Data Structures and Algorithms,Bloom and Cuckoo Filters
TheTannerRyan/ring,133,1,0,0,0,7.519,28,1157,1744,2,Go,false,0,Data Structures and Algorithms,Bloom and Cuckoo Filters
shady831213/algorithms,746,4,3,2,1,5.362,0,1679,2105,1,Go,false,0,Data Structures and Algorithms,Data Structure and Algorithm Collections
Workiva/go-datastructures,7191,19,9,5,0,2.642,1,54,3295,741,Go,false,2,Data Structures and Algorithms,Data Structure and Algorithm Collections
emirpasic/gods,14557,150,76,41,6,10.304,0,63,3169,31,Go,false,0,Data Structures and Algorithms,Data Structure and Algorithm Collections
liyue201/gostl,942,9,5,1,0,9.554,2,62,1487,6,Go,false,1,Data Structures and Algorithms,Data Structure and Algorithm Collections
yaa110/goterator,15,1,0,0,0,66.667,28,1069,1181,1,Go,false,1,Data Structures and Algorithms,Iterators
disksing/iter,184,3,2,1,0,16.304,5,600,1478,2,Go,false,1,Data Structures and Algorithms,Iterators
lrita/cmap,68,2,0,0,0,29.412,28,511,1441,1,Go,false,0,Data Structures and Algorithms,Maps
srfrog/dict,42,1,0,0,0,23.810,28,1107,1659,2,Go,false,1,Data Structures and Algorithms,Maps
goradd/maps,27,3,1,1,0,111.111,2,51,596,2,Go,false,1,Data Structures and Algorithms,Maps
free/concurrent-writer,52,1,0,0,0,19.231,28,2180,2240,1,Go,false,0,Data Structures and Algorithms,Miscellaneous Data Structures and Algorithms
InVisionApp/conjungo,118,2,0,0,0,16.949,27,182,2503,8,Go,false,0,Data Structures and Algorithms,Miscellaneous Data Structures and Algorithms
seiflotfy/count-min-log,66,2,0,0,0,30.303,20,2458,3004,3,Go,false,0,Data Structures and Algorithms,Miscellaneous Data Structures and Algorithms
cocoonspace/fsm,50,2,1,1,0,40.000,4,755,756,1,Go,false,0,Data Structures and Algorithms,Miscellaneous Data Structures and Algorithms
nwillc/genfuncs,46,1,0,0,0,21.739,28,456,690,1,Go,false,2,Data Structures and Algorithms,Miscellaneous Data Structures and Algorithms
bobg/go-generics,38,4,1,1,0,105.263,2,85,555,1,Go,false,2,Data Structures and Algorithms,Miscellaneous Data Structures and Algorithms
hailocab/go-geoindex,352,1,1,1,0,2.841,6,2840,3210,4,Go,false,0,Data Structures and Algorithms,Miscellaneous Data Structures and Algorithms
francesconi/go-rampart,92,2,1,1,0,21.739,3,508,577,2,Go,false,1,Data Structures and Algorithms,Miscellaneous Data Structures and Algorithms
aurelien-rainone/go-rquad,127,1,0,0,0,7.874,29,502,2611,1,Go,false,1,Data Structures and Algorithms,Miscellaneous Data Structures and Algorithms
barweiss/go-tuple,69,2,0,0,0,28.986,21,66,683,2,Go,false,2,Data Structures and Algorithms,Miscellaneous Data Structures and Algorithms
daichi-m/go18ds,37,2,2,1,0,54.054,4,594,601,24,Go,false,0,Data Structures and Algorithms,Miscellaneous Data Structures and Algorithms
xxjwxc/gofal,18,0,0,0,0,0.000,34,1491,1554,1,Go,false,1,Data Structures and Algorithms,Miscellaneous Data Structures and Algorithms
esimov/gogu,88,5,3,3,1,56.818,0,247,599,3,Go,false,3,Data Structures and Algorithms,Miscellaneous Data Structures and Algorithms
kniren/gota,2774,26,9,2,0,9.373,2,757,2830,26,Go,false,2,Data Structures and Algorithms,Miscellaneous Data Structures and Algorithms
emvi/hide,57,1,0,0,0,17.544,28,727,1755,2,Go,false,1,Data Structures and Algorithms,Miscellaneous Data Structures and Algorithms
google/hilbert,269,0,0,0,0,0.000,33,1810,3014,4,Go,false,0,Data Structures and Algorithms,Miscellaneous Data Structures and Algorithms
axiomhq/hyperloglog,879,5,3,2,0,5.688,5,278,2332,18,Go,false,2,Data Structures and Algorithms,Miscellaneous Data Structures and Algorithms
shipt/plinko,156,6,3,3,0,38.462,4,116,1224,550,Go,false,2,Data Structures and Algorithms,Miscellaneous Data Structures and Algorithms
s0rg/quadtree,29,1,0,0,0,34.483,22,96,424,1,Go,false,0,Data Structures and Algorithms,Miscellaneous Data Structures and Algorithms
srfrog/slices,16,0,0,0,0,0.000,34,1092,1222,1,Go,false,0,Data Structures and Algorithms,Miscellaneous Data Structures and Algorithms
twharmon/slices,16,1,1,1,1,62.500,0,486,700,2,Go,false,0,Data Structures and Algorithms,Miscellaneous Data Structures and Algorithms
kak-tus/nan,79,1,1,1,1,12.658,0,123,1280,3,Go,false,4,Data Structures and Algorithms,Nullable Types
emvi/null,32,0,0,0,0,0.000,34,727,1951,2,Go,false,0,Data Structures and Algorithms,Nullable Types
gurukami/typ,44,0,0,0,0,0.000,34,752,1709,1,Go,false,0,Data Structures and Algorithms,Nullable Types
edwingeng/deque,153,4,2,0,0,26.144,13,54,1739,1,Go,false,0,Data Structures and Algorithms,Queues
gammazero/deque,498,5,4,2,0,10.040,1,383,2023,4,Go,false,0,Data Structures and Algorithms,Queues
enriquebris/goconcurrentqueue,325,2,1,0,0,6.154,11,354,1761,2,Go,false,1,Data Structures and Algorithms,Queues
embano1/memlog,107,1,1,1,0,9.346,3,0,672,2,Go,false,3,Data Structures and Algorithms,Queues
adrianbrad/queue,214,20,14,1,0,93.458,3,13,431,3,Go,false,0,Data Structures and Algorithms,Queues
ihebu/dsu,13,0,0,0,0,0.000,41,646,923,1,Go,false,0,Data Structures and Algorithms,Sets
deckarep/golang-set,3559,42,25,14,3,11.801,0,1,3778,35,Go,false,0,Data Structures and Algorithms,Sets
zoumo/goset,52,1,0,0,0,19.231,22,1060,2264,2,Go,false,0,Data Structures and Algorithms,Sets
StudioSol/set,26,1,1,1,0,38.462,6,424,1935,48,Go,false,1,Data Structures and Algorithms,Sets
blevesearch/bleve,9321,34,14,6,0,3.648,3,3,3490,84,Go,false,25,Data Structures and Algorithms,Text Analysis
plar/go-adaptive-radix-tree,315,10,3,2,0,31.746,5,298,2776,3,Go,false,1,Data Structures and Algorithms,Text Analysis
hbollon/go-edlib,412,5,1,0,0,12.136,13,491,1175,6,Go,false,0,Data Structures and Algorithms,Text Analysis
agext/levenshtein,80,1,0,0,0,12.500,28,1117,2769,2,Go,false,0,Data Structures and Algorithms,Text Analysis
agnivade/levenshtein,303,6,1,0,0,19.802,8,271,3386,4,Go,false,2,Data Structures and Algorithms,Text Analysis
BlackRabbitt/mspm,24,1,0,0,0,41.667,28,1997,1999,1,Go,false,0,Data Structures and Algorithms,Text Analysis
MonaxGT/parsefields,7,0,0,0,0,0.000,323,1646,1669,3,Go,false,0,Data Structures and Algorithms,Text Analysis
viant/ptrie,34,1,1,0,0,29.412,7,590,1631,9,Go,false,0,Data Structures and Algorithms,Text Analysis
derekparker/trie,705,14,5,2,0,19.858,3,38,3532,10,Go,false,0,Data Structures and Algorithms,Text Analysis
bobg/merkle,12,1,0,0,0,83.333,28,548,1850,1,Go,false,1,Data Structures and Algorithms,Trees
MauriceGit/skiplist,264,7,2,1,0,26.515,2,731,1962,2,Go,false,0,Data Structures and Algorithms,Trees
gansidui/skiplist,83,0,0,0,0,0.000,87,3272,3275,1,Go,false,0,Data Structures and Algorithms,Trees
perdata/treap,23,1,0,0,0,43.478,28,1419,1878,1,Go,false,0,Data Structures and Algorithms,Trees
igrmk/treemap,52,2,2,1,1,38.462,0,594,1904,1,Go,false,0,Data Structures and Algorithms,Trees
tejzpr/ordered-concurrently,25,0,0,0,0,0.000,45,196,981,3,Go,false,0,Data Structures and Algorithms,Pipes
nazar256/parapipe,25,1,1,1,0,40.000,3,882,941,1,Go,false,0,Data Structures and Algorithms,Pipes
hyfather/pipeline,50,0,0,0,0,0.000,114,1894,2022,1,Go,false,0,Data Structures and Algorithms,Pipes
floatdrop/2q,32,2,2,0,0,62.500,9,586,589,1,Go,false,2,Database,Caches
iwanbk/bcache,138,8,6,4,0,57.971,4,1651,1776,2,Go,false,0,Database,Caches
allegro/bigcache,6865,51,19,12,2,7.429,0,14,2784,63,Go,false,0,Database,Caches
akyoto/cache,158,5,3,1,0,31.646,4,454,1640,3,Go,false,0,Database,Caches
muesli/cache2go,2012,4,1,1,0,1.988,5,391,3647,13,Go,false,0,Database,Caches
faabiosr/cachego,311,10,2,2,0,32.154,4,136,2588,5,Go,false,5,Database,Caches
oaStuff/clusteredBigCache,44,1,1,1,0,22.727,6,2114,2149,2,Go,false,0,Database,Caches
oracle/coherence-go-client,7,0,0,0,0,0.000,186,0,229,1367,Go,false,4,Database,Caches
codingsince1985/couchcache,60,0,0,0,0,0.000,150,324,3137,1,Go,false,2,Database,Caches
VictoriaMetrics/fastcache,1876,19,8,3,0,10.128,1,258,1810,11,Go,false,4,Database,Caches
bluele/gcache,2456,12,7,4,0,4.886,4,670,3208,9,Go,false,0,Database,Caches
ulovecode/gdcache,10,0,0,0,0,0.000,278,753,839,1,Go,false,0,Database,Caches
viney-shih/go-cache,116,1,0,0,0,8.621,14,284,531,3,Go,false,8,Database,Caches
OrlovEvgeny/go-mcache,89,0,0,0,0,0.000,61,1385,2032,3,Go,false,0,Database,Caches
eko/gocache,2004,37,21,11,2,18.463,0,1,1493,33,Go,false,0,Database,Caches
yuseferi/gocache,3,0,0,0,0,0.000,108,150,150,1,Go,false,1,Database,Caches
golang/groupcache,12431,117,93,29,4,9.412,0,950,3759,36,Go,false,0,Database,Caches
erni27/imcache,94,3,2,0,0,31.915,12,99,218,2,Go,false,0,Database,Caches
no-src/nscache,5,0,0,0,0,0.000,62,0,579,1,Go,false,5,Database,Caches
rocketlaunchr/remember-go,136,1,0,0,0,7.353,18,931,1677,6,Go,false,0,Database,Caches
Yiling-J/theine-go,153,9,3,0,0,58.824,7,121,215,2,Go,false,5,Database,Caches
zekroTJA/timedmap,66,0,0,0,0,0.000,84,226,1741,1,Go,false,0,Database,Caches
jellydator/ttlcache,758,26,12,4,2,34.301,0,76,3251,20,Go,false,3,Database,Caches
cheshir/ttlcache,9,0,0,0,0,0.000,225,400,1034,3,Go,false,0,Database,Caches
dgraph-io/badger,12892,91,34,21,5,7.059,0,24,2475,160,Go,false,13,Database,Databases Implemented in Go
etcd-io/bbolt,7024,93,35,15,5,13.240,0,0,2334,195,Go,false,6,Database,Databases Implemented in Go
tidwall/buntdb,4239,23,11,4,0,5.426,3,207,2666,14,Go,false,7,Database,Databases Implemented in Go
ostafen/clover,486,12,5,4,1,24.691,0,40,647,20,Go,false,7,Database,Databases Implemented in Go
cockroachdb/cockroach,28043,169,80,51,8,6.026,0,0,3561,705,Go,false,191,Database,Databases Implemented in Go
claygod/coffer,34,0,0,0,0,0.000,110,211,1638,1,Go,false,3,Database,Databases Implemented in Go
kelindar/column,1308,15,8,5,1,11.468,0,24,894,6,Go,false,12,Database,Databases Implemented in Go
CovenantSQL/CovenantSQL,1461,6,2,2,0,4.107,5,805,2035,13,Go,false,54,Database,Databases Implemented in Go
paranoidguy/databunker,1142,14,5,2,0,12.259,2,24,1429,4,Go,false,0,Database,Databases Implemented in Go
dgraph-io/dgraph,19717,95,41,16,5,4.818,0,24,2995,187,Go,false,60,Database,Databases Implemented in Go
peterbourgon/diskv,1304,9,1,1,0,6.902,4,727,4247,11,Go,false,1,Database,Databases Implemented in Go
dolthub/dolt,15839,261,180,144,13,16.478,0,0,1566,95,Go,false,0,Database,Databases Implemented in Go
dtm-labs/dtf,216,0,0,0,0,0.000,110,587,612,36,Go,true,27,Database,Databases Implemented in Go
krotik/eliasdb,983,2,1,0,0,2.035,13,449,2641,4,Go,false,3,Database,Databases Implemented in Go
hdt3213/godis,3066,43,19,11,1,14.025,0,77,1619,27,Go,false,1,Database,Databases Implemented in Go
syndtr/goleveldb,5861,18,8,2,0,3.071,2,474,3939,48,Go,false,4,Database,Databases Implemented in Go
jameycribbs/hare,82,2,2,1,0,24.390,6,985,2588,1,Go,false,0,Database,Databases Implemented in Go
codenotary/immudb,8377,27,7,3,0,3.223,2,3,1460,63,Go,false,39,Database,Databases Implemented in Go
influxdb/influxdb,26629,246,101,51,12,9.238,0,4,3693,598,Rust,false,0,Database,Databases Implemented in Go
siddontang/ledisdb,4015,10,4,2,0,2.491,2,1275,3478,27,Go,false,11,Database,Databases Implemented in Go
jmhodges/levigo,416,0,0,0,0,0.000,175,1423,4311,11,Go,false,0,Database,Databases Implemented in Go
amit-davidson/LibraDB,123,5,2,1,0,40.650,4,396,800,1,Go,false,2,Database,Databases Implemented in Go
lindb/lindb,2738,12,8,4,0,4.383,1,11,1608,21,Go,false,43,Database,Databases Implemented in Go
flower-corp/lotusdb,1803,52,20,8,2,28.841,0,2,692,14,Go,false,10,Database,Databases Implemented in Go
milvus-io/milvus,23848,619,295,141,20,25.956,0,0,1512,223,Go,false,53,Database,Databases Implemented in Go
couchbase/moss,936,4,1,0,0,4.274,11,614,2830,26,Go,false,3,Database,Databases Implemented in Go
xujiajun/nutsdb,3042,31,16,7,1,10.191,0,0,1795,43,Go,false,11,Database,Databases Implemented in Go
objectbox/objectbox-go,924,8,5,3,0,8.658,2,136,1804,8,Go,false,2,Database,Databases Implemented in Go
fern4lvarez/piladb,201,0,0,0,0,0.000,96,2048,2981,2,Go,false,3,Database,Databases Implemented in Go
akrylysov/pogreb,1137,13,6,1,0,11.434,1,93,2130,10,Go,false,0,Database,Databases Implemented in Go
prometheus/prometheus,50516,435,194,110,15,8.611,0,1,3999,840,Go,false,83,Database,Databases Implemented in Go
recoilme/pudge,348,1,0,0,0,2.874,28,1302,1812,4,Go,false,0,Database,Databases Implemented in Go
jamf/regatta,58,0,0,0,0,0.000,42,0,370,39,Go,false,29,Database,Databases Implemented in Go
roseduan/rosedb,4072,60,27,16,3,14.735,0,43,1065,38,Go,false,6,Database,Databases Implemented in Go
rqlite/rqlite,14142,89,45,20,1,6.293,0,2,3362,35,Go,false,13,Database,Databases Implemented in Go
rafaeljesus/tempdb,17,0,0,0,0,0.000,406,2091,2425,2,Go,false,0,Database,Databases Implemented in Go
pingcap/tidb,35112,220,102,49,8,6.266,0,0,2983,888,Go,false,139,Database,Databases Implemented in Go
HouzuoGuo/tiedot,2715,4,1,0,0,1.473,13,792,3816,36,Go,false,0,Database,Databases Implemented in Go
unit-io/unitdb,112,0,0,0,0,0.000,34,739,1530,3,Go,false,9,Database,Databases Implemented in Go
chrislusf/vasto,249,0,0,0,0,0.000,47,1705,2120,1,Go,false,0,Database,Databases Implemented in Go
VictoriaMetrics/VictoriaMetrics,9661,181,93,39,1,18.735,0,0,1863,209,Go,false,32,Database,Databases Implemented in Go
ariga/atlas,3985,166,63,27,3,41.656,0,0,920,69,Go,false,6,Database,Database Schema Migration
khezen/avro,44,1,1,0,0,22.727,10,664,1674,2,Go,false,4,Database,Database Schema Migration
bytebase/bytebase,7378,435,145,51,6,58.959,0,0,1013,68,Go,false,81,Database,Database Schema Migration
GuiaBolso/darwin,137,0,0,0,0,0.000,74,1419,2771,5,Go,false,0,Database,Database Schema Migration
amacneil/dbmate,3945,91,38,26,6,23.067,0,10,2903,44,Go,false,8,Database,Database Schema Migration
RichardKnop/go-fixtures,28,0,0,0,0,0.000,406,1411,2874,1,Go,false,4,Database,Database Schema Migration
lawzava/go-pg-migrate,11,0,0,0,0,0.000,110,28,1024,1,Go,false,4,Database,Database Schema Migration
robinjoseph08/go-pg-migrations,83,0,0,0,0,0.000,166,1105,1913,5,Go,false,4,Database,Database Schema Migration
linkedin/goavro,922,5,5,4,0,5.423,4,383,3178,54,Go,false,2,Database,Database Schema Migration
rafaelespinoza/godfish,5,0,0,0,0,0.000,124,43,1384,1,Go,false,6,Database,Database Schema Migration
pressly/goose,4619,175,47,18,3,37.887,0,3,2811,104,Go,false,12,Database,Database Schema Migration
Kachit/gorm-seeder,12,0,0,0,0,0.000,42,351,553,1,Go,false,4,Database,Database Schema Migration
go-gormigrate/gormigrate,940,6,3,3,1,6.383,0,54,2623,18,Go,false,1,Database,Database Schema Migration
muir/libschema,14,1,0,0,0,71.429,18,157,854,5,Go,false,7,Database,Database Schema Migration
golang-migrate/migrate,12560,218,100,44,7,17.357,0,123,2117,210,Go,false,38,Database,Database Schema Migration
lopezator/migrator,156,0,0,0,0,0.000,53,7,1736,4,Go,false,2,Database,Database Schema Migration
larapulse/migrator,24,0,0,0,0,0.000,162,487,1227,1,Go,false,2,Database,Database Schema Migration
adlio/schema,30,0,0,0,0,0.000,69,50,1504,2,Go,false,6,Database,Database Schema Migration
skeema/skeema,1183,9,5,2,0,7.608,5,2,2562,10,Go,false,10,Database,Database Schema Migration
rubenv/sql-migrate,2970,24,11,5,1,8.081,0,109,3345,63,Go,false,12,Database,Database Schema Migration
sunary/sqlize,68,0,0,0,0,0.000,49,65,1154,4,Go,false,4,Database,Database Schema Migration
Vertamedia/chproxy,1147,9,6,2,0,7.847,5,32,2240,39,Go,false,11,Database,Database Tools
nikepan/clickhouse-bulk,439,1,1,0,0,2.278,7,114,2382,9,Go,false,4,Database,Database Tools
sj14/dbbench,89,2,1,0,0,22.472,13,5,1808,3,Go,false,9,Database,Database Tools
codingconcepts/dg,16,1,1,0,0,62.500,13,68,168,1,Go,false,4,Database,Database Tools
twharmon/dynago,10,1,0,0,0,100.000,26,107,599,1,Go,false,2,Database,Database Tools
siddontang/go-mysql,4248,32,20,9,0,7.533,1,3,3546,157,Go,false,12,Database,Database Tools
siddontang/go-mysql-elasticsearch,4020,19,12,6,1,4.726,0,1172,3217,18,Go,false,7,Database,Database Tools
flike/kingshard,6271,13,9,3,2,2.073,0,1165,3048,43,Go,false,4,Database,Database Tools
knocknote/octillery,181,0,0,0,0,0.000,206,1036,1806,13,Go,false,9,Database,Database Tools
liweiyi88/onedump,25,3,2,1,0,120.000,5,124,408,1,Go,false,10,Database,Database Tools
github/orchestrator,5207,36,16,10,2,6.914,0,251,2532,85,Go,false,18,Database,Database Tools
cybertec-postgresql/pg_timetable,954,37,28,4,1,38.784,0,0,1783,20,Go,false,11,Database,Database Tools
sosedoff/pgweb,8102,42,22,9,2,5.184,0,2,3316,55,Go,false,14,Database,Database Tools
hexdigest/prep,33,0,0,0,0,0.000,331,2148,2156,1,Go,false,0,Database,Database Tools
prest/prest,3929,21,10,3,1,5.345,0,0,2540,63,Go,false,16,Database,Database Tools
HDT3213/rdb,293,4,1,1,0,13.652,3,50,726,6,Go,false,0,Database,Database Tools
andizzle/rwdb,18,0,0,0,0,0.000,188,2189,2224,1,Go,false,0,Database,Database Tools
youtube/vitess,16985,149,73,45,12,8.772,0,0,3784,358,Go,false,89,Database,Database Tools
nullism/bqb,106,8,1,0,0,75.472,7,19,828,4,Go,false,0,Database,SQL Query Builders
arthurkushman/buildsqlx,128,4,1,1,0,31.250,2,16,1541,3,Go,false,4,Database,SQL Query Builders
cristalhq/builq,74,2,0,0,0,27.027,25,11,512,2,Go,false,0,Database,SQL Query Builders
rocketlaunchr/dbq,386,0,0,0,0,0.000,46,987,1580,6,Go,false,7,Database,SQL Query Builders
gchaincl/dotsql,686,4,2,2,0,5.831,5,517,3273,8,Go,false,1,Database,SQL Query Builders
didi/gendry,1535,7,4,1,1,4.560,0,41,2166,36,Go,false,2,Database,SQL Query Builders
xujiajun/godbal,59,1,1,1,0,16.949,6,1741,2077,1,Go,false,0,Database,SQL Query Builders
doug-martin/goqu,2038,31,11,6,1,15.211,0,21,3181,37,Go,false,6,Database,SQL Query Builders
twharmon/gosql,30,0,0,0,0,0.000,34,573,1398,1,Go,false,3,Database,SQL Query Builders
motrboat/hotcoal,10,1,0,0,0,100.000,25,60,90,1,Go,false,0,Database,SQL Query Builders
galeone/igor,113,0,0,0,0,0.000,47,134,2797,2,Go,false,1,Database,SQL Query Builders
go-jet/jet,1647,81,32,22,3,49.180,0,47,1710,22,Go,false,13,Database,SQL Query Builders
pupizoid/ormlite,12,0,0,0,0,0.000,46,280,1957,1,Go,false,5,Database,SQL Query Builders
go-ozzo/ozzo-dbx,613,1,1,0,0,1.631,12,1138,2888,5,Go,false,2,Database,SQL Query Builders
HnH/qry,29,0,0,0,0,0.000,189,767,1539,2,Go,false,0,Database,SQL Query Builders
go-the-way/sg,4,0,0,0,0,0.000,120,544,797,1,Go,false,0,Database,SQL Query Builders
bokwoon95/go-structured-query,193,0,0,0,0,0.000,34,295,1255,5,Go,false,8,Database,SQL Query Builders
kyleconroy/sqlc,9367,199,98,50,9,21.245,0,0,1599,184,Go,false,22,Database,SQL Query Builders
leporo/sqlf,134,2,2,2,0,14.925,3,207,1570,1,Go,false,3,Database,SQL Query Builders
lqs/sqlingo,349,10,4,3,0,28.653,1,68,1814,4,Go,false,0,Database,SQL Query Builders
elgris/sqrl,264,2,2,1,1,7.576,0,832,3421,1,Go,false,1,Database,SQL Query Builders
Masterminds/squirrel,6165,89,40,25,10,14.436,0,234,3579,51,Go,false,2,Database,SQL Query Builders
knq/xo,3469,15,9,4,1,4.324,0,0,2831,28,Go,false,16,Database,SQL Query Builders
google/cayley,14660,22,11,6,2,1.501,0,103,3441,99,Go,false,27,Database Drivers,Interfaces to Multiple Backends
viant/dsc,27,0,0,0,0,0.000,102,165,2702,17,Go,false,0,Database Drivers,Interfaces to Multiple Backends
avito-tech/go-transaction-manager,89,13,8,2,0,146.067,3,0,423,10,Go,false,18,Database Drivers,Interfaces to Multiple Backends
philippgille/gokv,591,11,5,2,0,18.613,2,2,1855,7,Go,false,0,Database Drivers,Interfaces to Multiple Backends
apache/calcite-avatica-go,109,0,0,0,0,0.000,199,26,2281,75,Go,false,4,Database Drivers,Relational Database Drivers
viant/bgc,20,0,0,0,0,0.000,197,1362,2702,10,Go,false,0,Database Drivers,Relational Database Drivers
nakagami/firebirdsql,205,1,1,1,0,4.878,4,74,3723,16,Go,false,7,Database Drivers,Relational Database Drivers
mattn/go-adodb,133,1,1,1,1,7.519,0,564,4375,7,Go,false,2,Database Drivers,Relational Database Drivers
denisenkom/go-mssqldb,1770,10,5,5,2,5.650,0,190,3613,80,Go,false,5,Database Drivers,Relational Database Drivers
mattn/go-oci8,613,3,1,1,0,4.894,3,1031,4268,28,Go,false,0,Database Drivers,Relational Database Drivers
go-sql-driver/mysql,13805,104,65,36,10,7.534,0,13,3984,134,Go,false,0,Database Drivers,Relational Database Drivers
mattn/go-sqlite3,6987,81,30,19,6,11.593,0,2,4378,173,C,false,0,Database Drivers,Relational Database Drivers
godror/godror,467,5,1,1,0,10.707,5,1,1446,36,C,false,0,Database Drivers,Relational Database Drivers
minus5/gofreetds,109,0,0,0,0,0.000,166,1167,3987,12,Go,false,0,Database Drivers,Relational Database Drivers
VinGarcia/ksql,243,8,2,0,0,32.922,7,15,1150,7,Go,false,1,Database Drivers,Relational Database Drivers
jackc/pgx,8434,619,89,38,5,73.393,0,2,3873,256,Go,false,6,Database Drivers,Relational Database Drivers
alexeyco/pig,15,1,0,0,0,66.667,25,932,935,1,Go,false,5,Database Drivers,Relational Database Drivers
lib/pq,8403,78,36,13,2,9.282,0,122,4256,130,Go,false,0,Database Drivers,Relational Database Drivers
cvilsmeier/sqinn-go,337,65,12,3,0,192.878,2,32,1248,1,Go,false,0,Database Drivers,Relational Database Drivers
qustavo/sqlhooks,618,1,1,1,1,1.618,0,584,2756,10,Go,false,5,Database Drivers,Relational Database Drivers
surrealdb/surrealdb.go,188,4,1,0,0,21.277,9,18,578,33,Go,false,3,Database Drivers,Relational Database Drivers
ydb-platform/ydb-go-sdk,108,2,0,0,0,18.519,16,2,825,57,Go,false,11,Database Drivers,Relational Database Drivers
aerospike/aerospike-client-go,414,1,0,0,0,2.415,19,5,3391,165,Go,false,6,Database Drivers,NoSQL Database Drivers
solher/arangolite,73,0,0,0,0,0.000,406,971,2955,12,Go,false,0,Database Drivers,NoSQL Database Drivers
viant/asc,9,0,0,0,0,0.000,406,1661,2702,9,Go,false,0,Database Drivers,NoSQL Database Drivers
couchbase/goforestdb,34,0,0,0,0,0.000,43,2517,3463,19,Go,false,0,Database Drivers,NoSQL Database Drivers
couchbase/go-couchbase,319,0,0,0,0,0.000,45,635,4309,55,Go,false,0,Database Drivers,NoSQL Database Drivers
pilosa/go-pilosa,58,0,0,0,0,0.000,196,405,2593,12,Go,true,6,Database Drivers,NoSQL Database Drivers
nitishm/go-rejson,331,2,0,0,0,6.042,18,220,2024,12,Go,false,2,Database Drivers,NoSQL Database Drivers
couchbase/gocb,350,1,0,0,0,2.857,27,4,3217,55,Go,false,11,Database Drivers,NoSQL Database Drivers
btnguyen2k/gocosmos,18,0,0,0,0,0.000,87,105,1065,3,Go,false,5,Database Drivers,NoSQL Database Drivers
piaohao/godis,109,0,0,0,0,0.000,335,1273,1607,1,Go,false,2,Database Drivers,NoSQL Database Drivers
defcronyke/godscache,11,0,0,0,0,0.000,406,1732,2008,1,Go,false,0,Database Drivers,NoSQL Database Drivers
dancannon/gorethink,1639,0,0,0,0,0.000,43,522,3707,88,Go,false,9,Database Drivers,NoSQL Database Drivers
zegl/goriak,30,0,0,0,0,0.000,216,1775,2588,2,Go,false,1,Database Drivers,NoSQL Database Drivers
go-kivik/kivik,281,2,0,0,0,7.117,18,11,2461,9,Go,false,11,Database Drivers,NoSQL Database Drivers
kamva/mgm,690,4,4,1,0,5.797,4,55,1410,11,Go,false,3,Database Drivers,NoSQL Database Drivers
globalsign/mgo,1960,1,1,0,0,0.510,7,1848,2398,10,Go,false,0,Database Drivers,NoSQL Database Drivers
mongodb/mongo-go-driver,7694,54,22,9,0,7.018,2,4,2462,587,Go,false,10,Database Drivers,NoSQL Database Drivers
cihangir/neo4j,27,0,0,0,0,0.000,406,3140,3824,3,Go,false,0,Database Drivers,NoSQL Database Drivers
davemeehan/Neo4j-GO,76,0,0,0,0,0.000,406,1965,4538,3,Go,true,0,Database Drivers,NoSQL Database Drivers
jmcvetta/neoism,389,0,0,0,0,0.000,196,1359,4134,11,Go,false,0,Database Drivers,NoSQL Database Drivers
qiniu/qmgo,1207,19,11,9,1,15.742,0,124,1189,27,Go,false,3,Database Drivers,NoSQL Database Drivers
bsm/redeo,431,2,0,0,0,4.640,18,290,3532,5,Go,false,3,Database Drivers,NoSQL Database Drivers
gomodule/redigo,9631,26,12,3,0,2.700,1,78,4223,74,Go,false,1,Database Drivers,NoSQL Database Drivers
redis/go-redis,18247,176,94,50,7,9.645,0,6,4121,294,Go,false,4,Database Drivers,NoSQL Database Drivers
shomali11/xredis,19,0,0,0,0,0.000,406,1612,2337,1,Go,false,4,Database Drivers,NoSQL Database Drivers
olivere/elastic,7249,29,17,7,1,4.001,0,593,3987,108,Go,false,9,Database Drivers,Search and Analytic Databases
cch123/elasticsql,1105,6,0,0,0,5.430,16,92,2630,3,Go,false,1,Database Drivers,Search and Analytic Databases
mattbaird/elastigo,950,0,0,0,0,0.000,111,2478,4042,75,Go,false,0,Database Drivers,Search and Analytic Databases
elastic/go-elasticsearch,5236,70,38,24,5,13.369,0,6,2415,1877,Go,false,1,Database Drivers,Search and Analytic Databases
OwnLocal/goes,30,0,0,0,0,0.000,39,2440,2870,7,Go,false,0,Database Drivers,Search and Analytic Databases
seiflotfy/skizze,88,0,0,0,0,0.000,406,2743,2850,1,Go,false,0,Database Drivers,Search and Analytic Databases
goschtalt/approx,3,0,0,0,0,0.000,32,147,147,1,Go,false,0,Date and Time,
golang-module/carbon,3782,227,155,48,5,60.021,0,0,1155,27,Go,false,1,Date and Time,
uniplaces/carbon,767,1,1,1,0,1.304,5,557,2651,27,Go,false,1,Date and Time,
1set/cronrange,18,0,0,0,0,0.000,406,641,1458,4,Go,false,1,Date and Time,
rickb777/date,117,1,1,1,0,8.547,4,45,2905,1,Go,false,3,Date and Time,
araddon/dateparse,1924,9,7,6,1,4.678,0,921,3487,21,Go,false,2,Date and Time,
hako/durafmt,469,0,0,0,0,0.000,43,881,2726,9,Go,false,0,Date and Time,
wlbr/feiertage,45,1,1,1,1,22.222,0,812,2924,3,Go,false,0,Date and Time,
ijt/go-anytime,12,1,1,0,0,83.333,10,293,396,4,Go,false,2,Date and Time,
yaa110/go-persian-calendar,173,2,1,1,1,11.561,0,117,2836,8,Go,false,0,Date and Time,
xhit/go-str2duration,83,2,1,1,0,24.096,4,24,1373,2,Go,false,0,Date and Time,
nathan-osman/go-sunrise,78,1,1,1,0,12.821,6,436,2335,4,Go,false,0,Date and Time,
stoewer/go-week,8,0,0,0,0,0.000,406,721,2082,5,Go,false,4,Date and Time,
bykof/gostradamus,191,1,0,0,0,5.236,20,715,1308,1,Go,false,1,Date and Time,
relvacode/iso8601,132,0,0,0,0,0.000,31,133,2386,5,Go,false,0,Date and Time,
GuilhermeCaruso/kair,25,0,0,0,0,0.000,277,1237,1860,1,Go,false,0,Date and Time,
jinzhu/now,4263,25,6,4,1,5.864,0,599,3640,16,Go,false,0,Date and Time,
kirillDanshin/nulltime,14,0,0,0,0,0.000,219,2420,2802,1,Go,false,0,Date and Time,
awoodbeck/strftime,12,0,0,0,0,0.000,269,2084,2096,1,Go,false,0,Date and Time,
SaidinWoT/timespan,82,0,0,0,0,0.000,406,2773,3317,3,Go,false,0,Date and Time,
leekchan/timeutil,194,0,0,0,0,0.000,76,3018,3019,1,Go,false,0,Date and Time,
osteele/tuesday,12,0,0,0,0,0.000,406,870,2279,1,Go,false,1,Date and Time,
lesismal/arpc,815,6,1,1,1,7.362,0,171,1266,8,Go,false,0,Distributed Systems,
svcavallar/celeriac.v1,71,0,0,0,0,0.000,406,1116,2949,2,Go,false,4,Distributed Systems,
buraksezer/consistent,622,3,2,0,0,4.823,10,334,2052,6,Go,false,0,Distributed Systems,
mbrostami/consistenthash,20,0,0,0,0,0.000,79,594,1293,1,Go,false,0,Distributed Systems,
anacrolix/dht,279,5,1,0,0,17.921,12,84,2519,19,Go,false,25,Distributed Systems,
digota/digota,489,5,0,0,0,10.225,19,1849,2275,1,Go,false,0,Distributed Systems,
edwingeng/doublejump,92,2,0,0,0,21.739,19,383,1959,1,Go,false,1,Distributed Systems,
lni/dragonboat,4776,29,16,7,0,6.072,3,45,1779,26,Go,false,14,Distributed Systems,
dragonflyoss/Dragonfly2,1687,56,22,14,3,33.195,0,0,1097,68,Go,false,88,Distributed Systems,
dgruber/drmaa,45,0,0,0,0,0.000,87,609,3886,5,Go,false,0,Distributed Systems,
tylfin/dynatomic,15,0,0,0,0,0.000,406,1098,1732,3,Go,false,0,Distributed Systems,
emitter-io/emitter,3653,13,7,6,1,3.559,0,39,2564,18,Go,false,19,Distributed Systems,
andy2046/failured,10,0,0,0,0,0.000,294,827,833,1,Go,false,1,Distributed Systems,
vectaport/flowgraph,53,0,0,0,0,0.000,42,926,1895,1,Go,false,0,Distributed Systems,
chrislusf/gleam,3253,8,2,2,1,2.459,0,907,2628,20,Go,false,0,Distributed Systems,
chrislusf/glow,3164,6,2,2,0,1.896,4,1830,3068,9,Go,false,0,Distributed Systems,
gmsec/micro,22,0,0,0,0,0.000,406,77,1283,5,Go,false,9,Distributed Systems,
unionj-cloud/go-doudou,1219,6,3,1,1,4.922,0,74,985,8,Go,false,89,Distributed Systems,
InVisionApp/go-health,722,8,4,4,0,11.080,2,105,2168,16,Go,false,10,Distributed Systems,
dgryski/go-jump,371,2,1,0,0,5.391,13,749,3431,2,Go,false,0,Distributed Systems,
go-kit/kit,25587,126,61,25,5,4.924,0,161,3199,203,Go,false,31,Distributed Systems,
micro/go-micro,20946,99,38,19,3,4.726,0,28,3219,182,Go,false,26,Distributed Systems,
sanketplus/go-mysql-lock,58,0,0,0,0,0.000,30,154,1248,6,Go,false,3,Distributed Systems,
pdupub/go-pdu,46,0,0,0,0,0.000,96,90,1855,1,Go,false,9,Distributed Systems,
AppsFlyer/go-sundheit,514,0,0,0,0,0.000,46,813,1673,13,Go,false,3,Distributed Systems,
tal-tech/go-zero,26235,654,153,73,10,24.929,0,0,1186,237,Go,false,43,Distributed Systems,
valyala/gorpc,681,1,0,0,0,1.468,27,2727,3273,3,Go,false,0,Distributed Systems,
grpc/grpc-go,19047,143,75,44,5,7.508,0,0,3255,436,Go,false,14,Distributed Systems,
hprose/hprose-golang,1247,4,1,1,0,3.208,4,54,3552,5,Go,false,8,Distributed Systems,
osamingo/jsonrpc,182,1,0,0,0,5.495,28,189,2565,3,Go,false,3,Distributed Systems,
ybbus/jsonrpc,284,2,0,0,0,7.042,25,257,2552,6,Go,false,1,Distributed Systems,
cloudwego/kitex,6330,71,27,11,2,11.216,0,0,850,86,Go,false,24,Distributed Systems,
go-kratos/kratos,21639,200,74,34,4,9.243,0,4,1761,253,Go,false,16,Distributed Systems,
liftbridge-io/liftbridge,2496,10,5,4,1,4.006,0,423,2215,18,Go,false,24,Distributed Systems,
luraproject/lura,5795,48,26,11,0,8.283,1,6,2558,35,Go,false,9,Distributed Systems,
micro/micro,11899,29,16,7,0,2.437,2,101,3216,87,Go,false,37,Distributed Systems,
nats-io/gnatsd,13787,161,71,40,8,11.678,0,0,4025,134,Go,false,10,Distributed Systems,
italolelis/outboxer,140,3,2,1,1,21.429,0,0,1739,3,Go,false,6,Distributed Systems,
hashicorp/raft,7489,61,31,23,7,8.145,0,27,3654,1219,Go,false,4,Distributed Systems,
etcd-io/raft,379,29,13,4,0,76.517,1,10,344,133,Go,false,4,Distributed Systems,
cenkalti/rain,878,11,6,2,0,12.528,1,27,3456,14,Go,false,25,Distributed Systems,
bsm/redislock,1147,18,6,4,1,15.693,0,102,1596,8,Go,false,1,Distributed Systems,
uber/ringpop-go,802,3,3,2,0,3.741,4,472,3076,97,Go,false,0,Distributed Systems,
smallnest/rpcx,7770,40,16,7,2,5.148,0,4,2728,49,Go,false,36,Distributed Systems,
jexia/semaphore,87,0,0,0,0,0.000,55,885,1370,11,Go,false,21,Distributed Systems,
ursiform/sleuth,367,1,0,0,0,2.725,19,120,2753,1,Go,false,0,Distributed Systems,
temporalio/sdk-go,381,12,5,3,0,31.496,3,6,1481,124,Go,false,15,Distributed Systems,
anacrolix/torrent,4976,38,19,12,1,7.637,0,27,3224,80,Go,false,48,Distributed Systems,
skibish/ddns,239,1,0,0,0,4.184,14,9,2429,6,Go,false,5,Dynamic DNS,
timothyye/godns,1363,13,9,3,1,9.538,0,15,3466,434,Go,false,13,Dynamic DNS,
aymerick/douceur,232,0,0,0,0,0.000,37,2055,3133,2,Go,false,0,Email,
jordan-wright/email,2466,30,16,10,1,12.165,0,1032,3616,29,Go,false,0,Email,
AfterShip/email-verifier,967,10,5,5,0,10.341,1,134,1053,255,Go,false,5,Email,
toorop/go-dkim,92,1,1,1,0,10.870,6,1098,3113,8,Go,false,0,Email,
dimuska139/go-email-normalizer,60,1,1,0,0,16.667,13,136,1172,4,Go,false,1,Email,
go-email-validator/go-email-validator,52,1,0,0,0,19.231,29,211,1061,2,Go,true,14,Email,
emersion/go-imap,1868,14,9,4,1,7.495,0,31,2750,5,Go,false,3,Email,
wneessen/go-mail,348,15,8,6,0,43.103,4,17,611,9,Go,false,0,Email,
emersion/go-message,337,4,2,2,0,11.869,4,71,2501,28,Go,false,2,Email,
vanng822/go-premailer,120,0,0,0,0,0.000,30,200,3185,6,Go,false,6,Email,
xhit/go-simple-mail,537,12,2,2,0,22.346,2,81,1513,23,Go,false,1,Email,
hectane/hectane,219,0,0,0,0,0.000,348,1537,2993,2,Go,false,0,Email,
matcornic/hermes,2694,16,7,2,1,5.939,0,1377,2417,13,Go,false,8,Email,
mailchain/mailchain,141,0,0,0,0,0.000,49,584,1670,28,,false,0,Email,
mailgun/mailgun-go,662,4,2,0,0,6.042,9,0,3539,77,Go,false,4,Email,
mailhog/MailHog,12712,116,52,30,8,9.125,0,461,3491,37,Go,false,0,Email,
axllent/mailpit,3334,164,72,37,2,49.190,0,5,465,16,Go,false,23,Email,
valord577/mailx,9,1,0,0,0,111.111,28,636,725,1,Go,false,0,Email,
sendgrid/sendgrid-go,936,8,3,1,1,8.547,0,88,3707,431,Go,false,0,Email,
mailhog/smtp,74,0,0,0,0,0.000,242,2543,3239,4,Go,false,0,Email,
mocktools/go-smtp-mock,93,2,1,0,0,21.505,8,145,797,6,Go,false,1,Email,
truemail-rb/truemail-go,68,5,1,1,0,73.529,5,178,1040,1,Go,false,5,Email,
mattn/anko,1389,19,8,6,0,13.679,2,153,3510,19,Go,false,0,Embeddable Scripting Languages,
alexeyco/binder,67,0,0,0,0,0.000,82,1926,2409,1,Go,false,0,Embeddable Scripting Languages,
google/cel-go,1880,39,22,12,0,20.745,1,10,2068,55,Go,false,5,Embeddable Scripting Languages,
krotik/ecal,35,1,1,0,0,28.571,9,897,1071,1,Go,false,1,Embeddable Scripting Languages,
antonmedv/expr,4674,149,47,30,3,31.878,0,33,1941,51,Go,false,1,Embeddable Scripting Languages,
gentee/gentee,120,6,4,3,0,50.000,3,260,2122,2,Go,false,2,Embeddable Scripting Languages,
jcla1/gisp,504,0,0,0,0,0.000,46,3417,3586,2,Go,false,0,Embeddable Scripting Languages,
olebedev/go-duktape,777,1,1,0,0,1.287,9,955,3224,27,Go,true,0,Embeddable Scripting Languages,
Shopify/go-lua,2815,28,9,4,0,9.947,3,398,3608,7031,Go,false,0,Embeddable Scripting Languages,
deuill/go-php,906,5,2,1,0,5.519,5,1862,2972,4,Go,false,0,Embeddable Scripting Languages,
sbinet/go-python,1509,2,1,1,0,1.325,5,105,4137,12,Go,true,0,Embeddable Scripting Languages,
dop251/goja,4399,78,31,17,2,17.731,0,10,2558,24,Go,false,6,Embeddable Scripting Languages,
aarzilli/golua,628,4,3,1,0,6.369,4,913,4718,1,C,false,0,Embeddable Scripting Languages,
yuin/gopher-lua,5701,52,19,11,1,9.121,0,2,3186,46,Go,false,1,Embeddable Scripting Languages,
PaesslerAG/gval,667,7,2,0,0,10.495,10,248,2231,21,Go,false,2,Embeddable Scripting Languages,
metacall/core,1409,21,9,5,0,14.904,1,27,1776,42,C,false,0,Embeddable Scripting Languages,
db47h/ngaro,25,0,0,0,0,0.000,182,1982,2645,1,Go,false,0,Embeddable Scripting Languages,
ichiban/prolog,516,2,0,0,0,3.876,17,87,1098,2,Go,false,2,Embeddable Scripting Languages,
ian-kent/purl,39,1,1,0,0,25.641,9,3256,3264,1,Go,false,0,Embeddable Scripting Languages,
google/starlark-go,2099,26,15,9,0,12.387,1,5,1840,77,Go,false,5,Embeddable Scripting Languages,
d5/tengo,3317,21,10,5,2,6.331,0,76,1762,30,Go,false,0,Embeddable Scripting Languages,
emperror/emperror,316,3,2,1,0,9.494,4,1128,2338,2,Go,false,1,Error Handling,
rotisserie/eris,1355,11,2,2,0,8.118,4,266,1521,4,Go,false,0,Error Handling,
snwfdhmp/errlog,453,0,0,0,0,0.000,41,132,1724,6,Go,false,0,Error Handling,
emperror/errors,191,6,5,2,0,31.414,2,529,1581,2,Go,false,2,Error Handling,
neuronlabs/errors,6,0,0,0,0,0.000,41,1559,1565,1,Go,false,2,Error Handling,
PumpkinSeed/errors,7,0,0,0,0,0.000,219,1397,1398,1,Go,false,0,Error Handling,
bnkamalesh/errors,57,0,0,0,0,0.000,32,159,1207,1,Go,false,0,Error Handling,
cockroachdb/errors,1850,22,11,5,0,11.892,2,67,1611,244,Go,false,13,Error Handling,
joomcode/errorx,1022,8,5,4,0,7.828,3,125,1907,151,Go,false,1,Error Handling,
rbrahul/exception,25,0,0,0,0,0.000,41,350,541,1,Go,false,0,Error Handling,
SonicRoshan/falcon,10,0,0,0,0,0.000,41,1508,1519,1,Go,false,0,Error Handling,
Southclaws/fault,139,4,2,0,0,28.777,10,52,502,5,Go,false,4,Error Handling,
hashicorp/go-multierror,2054,14,4,2,0,6.816,2,13,3248,1146,Go,false,1,Error Handling,
samber/oops,94,10,9,5,4,106.383,0,5,174,1,Go,false,4,Error Handling,
ztrue/tracerr,841,12,4,2,0,14.269,4,169,1734,3,Go,false,0,Error Handling,
spf13/afero,5445,55,16,11,1,10.101,0,45,3296,78,Go,false,7,File Handling,
viant/afs,266,4,2,2,0,15.038,5,31,1540,14,Go,false,5,File Handling,
xis/baraka,51,1,0,0,0,19.608,21,402,1212,2,Go,false,1,File Handling,
bigfile/bigfile,243,1,1,0,0,4.115,12,1498,1575,7,Go,true,23,File Handling,
codingsince1985/checksum,94,3,1,1,0,31.915,5,263,3288,3,Go,false,2,File Handling,
otiai10/copy,609,9,7,4,1,14.778,0,35,2257,23,Go,false,3,File Handling,
homedepot/flop,34,0,0,0,0,0.000,165,699,1711,15,Go,false,3,File Handling,
dundee/gdu,2857,78,38,14,4,27.301,0,4,2081,31,Go,false,11,File Handling,
artonge/go-csv-tag,110,2,2,2,0,18.182,1,13,2332,9,Go,false,0,File Handling,
hugocarreira/go-decent-copy,21,3,1,0,0,142.857,8,1403,1847,4,Go,false,0,File Handling,
barasher/go-exiftool,194,2,2,2,0,10.309,2,152,1639,7,Go,false,1,File Handling,
artonge/go-gtfs,37,0,0,0,0,0.000,100,82,2311,11,Go,false,1,File Handling,
no-src/gofs,367,14,1,1,0,38.147,3,0,784,2,Go,false,19,File Handling,
1set/gut,27,0,0,0,0,0.000,62,1084,1493,2,Go,false,0,File Handling,
dastoori/higgs,18,1,0,0,0,55.556,15,646,1058,1,Go,false,0,File Handling,
kdomanski/iso9660,244,2,1,1,0,8.197,1,78,1919,6,Go,false,1,File Handling,
rjeczalik/notify,858,13,3,2,0,15.152,2,258,3346,25,Go,false,1,File Handling,
qmuntal/opc,75,0,0,0,0,0.000,56,980,1826,2,Go,false,1,File Handling,
parsyl/parquet,85,0,0,0,0,0.000,81,109,1742,4,Go,false,5,File Handling,
jonchun/pathtype,13,1,0,0,0,76.923,16,816,825,2,Go,false,0,File Handling,
pdfcpu/pdfcpu,5487,85,35,11,0,15.491,1,41,2332,35,Go,false,7,File Handling,
dixonwille/skywalker,95,3,1,0,0,31.579,13,797,2288,1,Go,false,0,File Handling,
posener/tarfs,56,0,0,0,0,0.000,134,2409,2432,1,Go,false,0,File Handling,
1set/todotxt,19,0,0,0,0,0.000,206,393,1095,3,Go,false,1,File Handling,
C2FO/vfs,256,2,1,0,0,7.812,9,40,2288,148,Go,false,17,File Handling,
leekchan/accounting,839,4,2,0,0,4.768,11,669,3010,6,Go,false,2,Financial,
moov-io/ach,400,6,1,1,0,15.000,1,6,2518,40,Go,false,12,Financial,
c9s/bbgo,981,18,12,5,0,18.349,1,0,1127,44,Go,false,57,Financial,
bojanz/currency,444,17,7,4,1,38.288,0,3,1299,7,Go,false,1,Financial,
bnkamalesh/currency,56,1,1,0,0,17.857,12,723,2372,1,Go,false,0,Financial,
shopspring/decimal,5453,69,40,11,2,12.654,0,567,3176,52,Go,false,0,Financial,
govalues/decimal,13,7,5,4,1,538.462,0,5,240,2,Go,false,0,Financial,
nikolaydubina/fpdecimal,25,0,0,0,0,0.000,37,10,528,2,Go,false,0,Financial,
nikolaydubina/fpmoney,22,1,1,1,0,45.455,5,11,513,1,Go,false,1,Financial,
alpeb/go-finance,156,0,0,0,0,0.000,37,704,2349,3,Go,false,0,Financial,
pieterclaerhout/go-finance,18,3,2,1,1,166.667,0,154,1498,1,Go,false,2,Financial,
m1/go-finnhub,81,1,0,0,0,12.346,20,1374,1393,1,Go,true,1,Financial,
rhymond/go-money,1407,30,18,2,0,21.322,3,152,2422,29,Go,false,0,Financial,
matm/go-nowpayments,2,0,0,0,0,0.000,317,286,377,1,Go,false,2,Financial,
govalues/money,8,3,2,1,0,375.000,2,75,258,2,Go,false,1,Financial,
aclindsa/ofxgo,124,1,0,0,0,8.065,25,237,2920,10,Go,false,3,Financial,
i25959341/orderbook,368,9,1,1,0,24.457,2,125,2022,4,Go,false,0,Financial,
jovandeginste/payme,26,1,0,0,0,38.462,25,286,917,1,Go,false,6,Financial,
BoltApp/sleet,126,1,0,0,0,7.937,23,25,1454,90,Go,false,12,Financial,
sdcoffey/techan,753,5,2,1,0,6.640,6,719,2435,7,Go,false,2,Financial,
achannarasappa/ticker,4685,20,15,9,3,4.269,0,153,1016,16,Go,false,18,Financial,
claygod/transaction,126,0,0,0,0,0.000,36,434,2217,2,Go,false,0,Financial,
dannyvankooten/vat,104,1,0,0,0,9.615,23,61,2697,6,Go,false,0,Financial,
robfig/bind,30,1,0,0,0,33.333,25,3369,3380,1,Go,false,0,Forms,
mholt/binding,797,1,1,1,0,1.255,6,2241,3457,10,Go,true,0,Forms,
cinar/checker,5,0,0,0,0,0.000,62,134,145,1,Go,false,0,Forms,
leebenson/conform,312,1,0,0,0,3.205,18,324,2862,9,Go,false,3,Forms,
go-playground/form,640,7,3,3,1,10.938,0,116,2720,8,Go,false,1,Forms,
monoculum/formam,182,1,0,0,0,5.495,19,365,3300,8,Go,false,0,Forms,
albrow/forms,133,1,0,0,0,7.519,25,326,3378,2,Go,false,0,Forms,
bdjimmy/gbind,8,0,0,0,0,0.000,406,510,534,1,Go,false,3,Forms,
gorilla/csrf,937,13,5,1,0,13.874,1,2,3018,28,Go,false,1,Forms,
ggicci/httpin,213,8,5,2,0,37.559,3,8,938,5,Go,false,5,Forms,
justinas/nosurf,1450,7,2,2,0,4.828,1,1163,3728,16,Go,false,0,Forms,
sonh/qs,68,2,0,0,0,29.412,19,336,1130,2,Go,false,2,Forms,
tomwright/queryparam,19,3,1,0,0,157.895,8,1139,1971,1,Go,false,0,Forms,
repeale/fp-go,267,8,2,1,0,29.963,6,340,610,3,Go,false,0,Functional,
TeaEntityLab/fpGo,329,1,1,1,0,3.040,4,522,1992,1,Go,false,1,Functional,
seborama/fuego,141,0,0,0,0,0.000,97,236,1827,1,Go,false,3,Functional,
BooleanCat/go-functional,219,11,6,2,0,50.228,1,16,2071,11,Go,false,0,Functional,
tobyhede/go-underscore,1293,2,0,0,0,1.547,15,251,3414,7,Go,false,0,Functional,
rbrahul/gofp,141,0,0,0,0,0.000,50,987,991,1,Go,false,0,Functional,
samber/mo,1915,63,31,19,4,32.898,0,22,538,8,Go,false,2,Functional,
rjNemo/underscore,94,2,2,1,0,21.277,6,146,678,2,Go,false,2,Functional,
phelmkamp/valor,15,1,1,0,0,66.667,8,384,578,1,Go,false,0,Functional,
azul3d/engine,594,1,0,0,0,1.684,18,743,2807,22,C,false,0,Game Development,
hajimehoshi/ebiten,8961,98,40,19,4,10.936,0,0,3795,88,Go,false,14,Game Development,
EngoEngine/engo,1656,8,4,2,0,4.831,2,66,3281,55,Go,false,19,Game Development,
s0rg/fantasyname,22,2,2,1,0,90.909,5,110,728,1,Go,false,1,Game Development,
g3n/engine,2463,30,13,6,1,12.180,0,18,2435,35,Go,false,4,Game Development,
beefsack/go-astar,565,2,0,0,0,3.540,18,1166,3450,2,Go,false,0,Game Development,
veandco/go-sdl2,2039,13,5,0,0,6.376,8,93,3806,86,C,false,0,Game Development,
